query_table,candidate_table
Numero di immigrati stranieri a Modena.csv,Numero di immigrati stranieri a Modena per classi di eta.csv
Popolazione residente a Modena dal 1995.csv,Serie storiche della popolazione residente.csv
Famiglie aggregate per numero di componenti la famiglia.csv,Residenti nelle singole sezioni di censimento del 2011: dal 2012 al 2021.csv
Indirizzario delle sezioni elettorali.csv,Sezioni elettorali.csv
Nomi di battesimo piu frequenti di sesso maschile nel 2021.csv,Popolazione residente a Modena dal 1995.csv
Toponomastica stradale.csv,Numerazione civica del territorio comunale.csv
Stradario comunale.csv,Bacini scolastici.csv
Esercizi commerciali.csv,Ristoranti.csv
Distributori.csv,Strutture ricettive.csv
