question,query,sql,table1,table2
"What is the average score for varicose vein post-op quality for patients who had knee replacement surgery, got readmitted, and are grouped by age and provider?","What is the average Varicose Vein Post-Op Q Score for patients who underwent a knee replacement procedure and had a Post-Op Q Readmitted status of 1, grouped by Age Band and Provider Code?","SELECT AVG(T1.`Varicose Vein Post-Op Q Score`) AS average_score, T2.`Age Band`, T2.`Provider Code` FROM `UK_CSV0000000000003896__0` T1 INNER JOIN `UK_CSV0000000000007396` T2 ON T1.`Provider Code` = T2.`Provider Code` WHERE T2.`Post-Op Q Readmitted` = 1 AND T2.`Procedure` = 'Knee Replacement' GROUP BY T2.`Age Band`, T2.`Provider Code`",UK_CSV0000000000003896__0,UK_CSV0000000000007396
"What is the average count of varicose vein post-op questions left front for knee replacement patients readmitted to hospital, by age band and provider code?","What is the average Varicose Vein Post-Op Q Left Front Count for patients who underwent a Knee Replacement procedure and were readmitted to the hospital, grouped by their Age Band and Provider Code?","SELECT AVG(T1.`Varicose Vein Post-Op Q Left Front Count`) AS average_count, T2.`Age Band`, T2.`Provider Code` FROM `UK_CSV0000000000003896__0` T1 INNER JOIN `UK_CSV0000000000007396` T2 ON T1.`Provider Code` = T2.`Provider Code` WHERE T2.`Post-Op Q Readmitted` = 1 AND T2.`Procedure` = 'Knee Replacement' GROUP BY T2.`Age Band`, T2.`Provider Code`",UK_CSV0000000000003896__0,UK_CSV0000000000007396
"What is the average pain days after knee replacement surgery for readmitted patients, grouped by age and provider?","What is the average Varicose Vein Post-Op Q Left Pain Days for patients who underwent a Knee Replacement procedure and were readmitted to the hospital, grouped by their Age Band and Provider Code?","SELECT AVG(T1.`Varicose Vein Post-Op Q Left Pain Days`) AS average_pain_days, T2.`Age Band`, T2.`Provider Code` FROM `UK_CSV0000000000003896__0` T1 INNER JOIN `UK_CSV0000000000007396` T2 ON T1.`Provider Code` = T2.`Provider Code` WHERE T2.`Post-Op Q Readmitted` = 1 AND T2.`Procedure` = 'Knee Replacement' GROUP BY T2.`Age Band`, T2.`Provider Code`",UK_CSV0000000000003896__0,UK_CSV0000000000007396
"What is the average knee replacement score for patients who also had hip replacement in the same year and age group, along with their post-op profile scores?","What is the average Knee Replacement Post-Op Q Score for patients who underwent knee replacement surgery and have a matching Year and Age Band with those who underwent hip replacement surgery, and what are the corresponding Post-Op Q EQ5D Index Profile values from the hip replacement data?","SELECT AVG(T1.`Knee Replacement Post-Op Q Score`) AS average_score, T2.`Post-Op Q EQ5D Index Profile`, T1.`Age Band`, T1.`Year` FROM `UK_CSV0000000000002010__6` T1 INNER JOIN `UK_CSV0000000000006676__5` T2 ON T1.`Age Band` = T2.`Age Band` AND T1.`Year` = T2.`Year` WHERE T2.`Procedure` = 'Hip Replacement' GROUP BY T2.`Post-Op Q EQ5D Index Profile`, T1.`Age Band`, T1.`Year`",UK_CSV0000000000002010__6,UK_CSV0000000000006676__5
"What is the average knee replacement score for kidney disease patients who had knee surgery the same year and age as hip replacement patients, and how does it compare to their quality of life and hip pain?","What is the average Knee Replacement Post-Op Q Score for patients with Kidney Disease who underwent knee replacement surgery in the same year and age band as those who underwent hip replacement surgery, and how does it relate to their Post-Op Q EQ5D Index Profile and Hip Replacement Post-Op Q Pain?","SELECT AVG(T1.`Knee Replacement Post-Op Q Score`) AS average_score, T2.`Post-Op Q EQ5D Index Profile`, T1.`Age Band`, T1.`Year`, T2.`Hip Replacement Post-Op Q Pain` FROM `UK_CSV0000000000002010__6` T1 INNER JOIN `UK_CSV0000000000006676__5` T2 ON T1.`Age Band` = T2.`Age Band` AND T1.`Year` = T2.`Year` WHERE T1.`Kidney Disease` = 9 AND T2.`Procedure` = 'Hip Replacement' GROUP BY T2.`Post-Op Q EQ5D Index Profile`, T1.`Age Band`, T1.`Year`, T2.`Hip Replacement Post-Op Q Pain`",UK_CSV0000000000002010__6,UK_CSV0000000000006676__5
"What is the average knee replacement score for kidney disease patients who had knee surgery the same year and age as hip replacement patients, and how does it compare to their quality of life and hip pain?","What is the average Knee Replacement Post-Op Q Score for patients with Kidney Disease who underwent knee replacement surgery in the same year and age band as those who underwent hip replacement surgery, and how does it relate to their Post-Op Q EQ5D Index Profile and Hip Replacement Post-Op Q Pain?","SELECT AVG(T1.`Knee Replacement Post-Op Q Score`) AS average_score, T2.`Post-Op Q EQ5D Index Profile`, T1.`Age Band`, T1.`Year`, T2.`Hip Replacement Post-Op Q Pain` FROM `UK_CSV0000000000002010__6` T1 INNER JOIN `UK_CSV0000000000006676__5` T2 ON T1.`Age Band` = T2.`Age Band` AND T1.`Year` = T2.`Year` WHERE T1.`Kidney Disease` = 9 AND T2.`Procedure` = 'Hip Replacement' GROUP BY T2.`Post-Op Q EQ5D Index Profile`, T1.`Age Band`, T1.`Year`, T2.`Hip Replacement Post-Op Q Pain`",UK_CSV0000000000002010__6,UK_CSV0000000000006676__5
"What is the average quality of life score after hip replacement surgery, grouped by pre-surgery hip score and age group, and how does it relate to mobility and kidney disease?","What is the average Post-Op Q EQ5D Index for patients who underwent hip replacement surgery, grouped by their Hip Replacement Pre-Op Q Score and Age Band, and how does it relate to their Post-Op Q Mobility and Kidney Disease status?","SELECT AVG(T1.`Post-Op Q EQ5D Index`) AS average_EQ5D_Index, T1.`Hip Replacement Pre-Op Q Score`, T2.`Age Band`, T1.`Post-Op Q Mobility`, T1.`Kidney Disease` FROM `UK_CSV0000000000006676__34` T1 INNER JOIN `UK_CSV0000000000006676__5` T2 ON T1.`Kidney Disease` = T2.`Kidney Disease` WHERE T2.`Procedure` = 'Hip Replacement' GROUP BY T1.`Hip Replacement Pre-Op Q Score`, T2.`Age Band`, T1.`Post-Op Q Mobility`, T1.`Kidney Disease`",UK_CSV0000000000006676__34,UK_CSV0000000000006676__5
"What is the average quality of life score after hip replacement surgery, grouped by initial health score, age group, and kidney disease status?","average post-operative EQ5D index for patients who underwent hip replacement surgery, grouped by pre-operative score, age band, and presence of kidney disease","SELECT AVG(T1.`Post-Op Q EQ5D Index`) AS average_EQ5D_Index, T1.`Hip Replacement Pre-Op Q Score`, T2.`Age Band`, T1.`Post-Op Q Mobility`, T1.`Kidney Disease`, T2.`Post-Op Q Self-Care` FROM `UK_CSV0000000000006676__34` T1 INNER JOIN `UK_CSV0000000000006676__5` T2 ON T1.`Kidney Disease` = T2.`Kidney Disease` WHERE T2.`Procedure` = 'Hip Replacement' GROUP BY T1.`Hip Replacement Pre-Op Q Score`, T2.`Age Band`, T1.`Post-Op Q Mobility`, T1.`Kidney Disease`, T2.`Post-Op Q Self-Care`",UK_CSV0000000000006676__34,UK_CSV0000000000006676__5
"What is the average post-operative quality of life score for patients with kidney disease who had hip replacement surgery, grouped by age, pre-operative hip score, and post-operative mobility, and its relation to self-care and pre-operative quality of life index?","What is the average Post-Op Q EQ VAS score for patients with Kidney Disease who underwent hip replacement surgery, grouped by their Age Band, Hip Replacement Pre-Op Q Score, and Post-Op Q Mobility, and how does it relate to their Post-Op Q Self-Care and Pre-Op Q EQ5D Index Profile?","SELECT AVG(T1.`Post-Op Q EQ VAS`) AS average_EQ_VAS, T2.`Age Band`, T1.`Hip Replacement Pre-Op Q Score`, T1.`Post-Op Q Mobility`, T2.`Post-Op Q Self-Care`, T2.`Pre-Op Q EQ5D Index Profile` FROM `UK_CSV0000000000006676__34` T1 INNER JOIN `UK_CSV0000000000006676__5` T2 ON T1.`Kidney Disease` = T2.`Kidney Disease` WHERE T2.`Procedure` = 'Hip Replacement' GROUP BY T2.`Age Band`, T1.`Hip Replacement Pre-Op Q Score`, T1.`Post-Op Q Mobility`, T2.`Post-Op Q Self-Care`, T2.`Pre-Op Q EQ5D Index Profile`",UK_CSV0000000000006676__34,UK_CSV0000000000006676__5
"What is the average score for varicose vein treatment for patients in a certain age group who have also had knee replacement surgery and have data on their pre-op and post-op knee condition, including kneeling ability, post-op score, and EQ5D index, across different providers?",What is the average Varicose Vein Post-Op Q Score for patients with a specific Age Band who have undergone varicose vein treatment and also have information about their knee replacement pre-op and post-op conditions?,"SELECT AVG(T1.`Varicose Vein Post-Op Q Score`) AS average_varicose_vein_score, T2.`Age Band`, T2.`Knee Replacement Pre-Op Q Kneeling`, T2.`Knee Replacement Post-Op Q Score`, T2.`Post-Op Q EQ5D Index` FROM `UK_CSV0000000000003896__3` T1 INNER JOIN `UK_CSV0000000000002010__6` T2 ON T1.`Age Band` = T2.`Age Band` GROUP BY T2.`Age Band`, T2.`Knee Replacement Pre-Op Q Kneeling`, T2.`Knee Replacement Post-Op Q Score`, T2.`Post-Op Q EQ5D Index`",UK_CSV0000000000003896__3,UK_CSV0000000000002010__6
"What is the average varicose vein score for patients in different age bands and how does it affect their knee replacement pre-op kneeling ability, post-op eq5d index, and pre-op disability status?","What is the average Varicose Vein Post-Op Q Score for patients with a specific Age Band, and how does it relate to their Knee Replacement Pre-Op Q Kneeling ability, Post-Op Q EQ5D Index, and Pre-Op Q Disability status?","SELECT AVG(T1.`Varicose Vein Post-Op Q Score`) AS average_varicose_vein_score, T2.`Age Band`, T2.`Knee Replacement Pre-Op Q Kneeling`, T2.`Post-Op Q EQ5D Index`, T2.`Pre-Op Q Disability` FROM `UK_CSV0000000000003896__3` T1 INNER JOIN `UK_CSV0000000000002010__6` T2 ON T1.`Age Band` = T2.`Age Band` GROUP BY T2.`Age Band`, T2.`Knee Replacement Pre-Op Q Kneeling`, T2.`Post-Op Q EQ5D Index`, T2.`Pre-Op Q Disability`",UK_CSV0000000000003896__3,UK_CSV0000000000002010__6
"What is the average varicose vein score for patients in a certain age group, and how does it compare to their knee replacement pre-op kneeling ability, post-op EQ5D index, and pre-op disability?","What is the average Varicose Vein Post-Op Q Score for patients with a specific Age Band, and how does it relate to their Knee Replacement Pre-Op Q Kneeling ability, Post-Op Q EQ5D Index, and Pre-Op Q Disability?","SELECT AVG(T1.`Varicose Vein Post-Op Q Score`) AS average_varicose_vein_score, T2.`Age Band`, T2.`Knee Replacement Pre-Op Q Kneeling`, T2.`Post-Op Q EQ5D Index`, T2.`Pre-Op Q Disability` FROM `UK_CSV0000000000003896__3` T1 INNER JOIN `UK_CSV0000000000002010__6` T2 ON T1.`Age Band` = T2.`Age Band` AND T1.`Provider Code` = T2.`Provider Code` GROUP BY T2.`Age Band`, T2.`Knee Replacement Pre-Op Q Kneeling`, T2.`Post-Op Q EQ5D Index`, T2.`Pre-Op Q Disability`",UK_CSV0000000000003896__3,UK_CSV0000000000002010__6
What is the average quality of life after hip replacement surgery for patients in different age groups and with varying mobility before surgery?,"What is the average Post-Op Q EQ5D Index for patients who underwent Hip Replacement procedures in the same year, across different age bands, and how does it relate to their Pre-Op Q Mobility scores?","SELECT AVG(T1.`Post-Op Q EQ5D Index`) AS average_post_op_eq5d_index, T2.`Age Band`, T2.`Pre-Op Q Mobility` FROM `UK_CSV0000000000006676__2` T1 INNER JOIN `UK_CSV0000000000006676__5` T2 ON T1.`Year` = T2.`Year` AND T1.`Procedure` = T2.`Procedure` GROUP BY T2.`Age Band`, T2.`Pre-Op Q Mobility`",UK_CSV0000000000006676__2,UK_CSV0000000000006676__5
"What is the average quality of life after hip replacement surgery for different age groups, considering the sudden pain experienced before surgery?","What is the average Post-Op Q EQ5D Index for patients who underwent hip replacement procedures in each Age Band, considering only those with matching Year and Procedure in both datasets, and also comparing their Hip Replacement Pre-Op Q Sudden Pain levels?","SELECT T1.`Age Band`, AVG(T1.`Post-Op Q EQ5D Index`) AS average_post_op_eq5d_index, T2.`Hip Replacement Pre-Op Q Sudden Pain` FROM `UK_CSV0000000000006676__2` T1 INNER JOIN `UK_CSV0000000000006676__5` T2 ON T1.`Year` = T2.`Year` AND T1.`Procedure` = T2.`Procedure` GROUP BY T1.`Age Band`, T2.`Hip Replacement Pre-Op Q Sudden Pain`",UK_CSV0000000000006676__2,UK_CSV0000000000006676__5
"What is the average quality of life after hip replacement surgery for patients with similar mobility before surgery, and how does it affect their ability to wash themselves?","What is the average post-op EQ5D index for patients who underwent hip replacement procedures in the same year and had similar pre-op mobility scores, and how does it relate to their post-op washing abilities?","SELECT AVG(T1.`Post-Op Q EQ5D Index`) AS average_post_op_eq5d_index, T2.`Age Band`, T2.`Pre-Op Q Mobility`, T2.`Hip Replacement Post-Op Q Washing` FROM `UK_CSV0000000000006676__2` T1 INNER JOIN `UK_CSV0000000000006676__5` T2 ON T1.`Year` = T2.`Year` AND T1.`Procedure` = T2.`Procedure` GROUP BY T2.`Age Band`, T2.`Pre-Op Q Mobility`, T2.`Hip Replacement Post-Op Q Washing`",UK_CSV0000000000006676__2,UK_CSV0000000000006676__5
"What is the average post-operative quality score for varicose vein patients by age group, including mobility after surgery and EQ5D index before surgery?","What is the average Varicose Vein Post-Op Q Score for patients in each Age Band, along with their corresponding Post-Op Q Mobility and Pre-Op Q EQ5D Index values?","SELECT T1.`Age Band`, AVG(T1.`Varicose Vein Post-Op Q Score`) AS average_post_op_score, T2.`Post-Op Q Mobility`, T2.`Pre-Op Q EQ5D Index` FROM `UK_CSV0000000000003896__3` T1 INNER JOIN `UK_CSV0000000000003896__8` T2 ON T1.`Age Band` = T2.`Age Band` GROUP BY T1.`Age Band`, T2.`Post-Op Q Mobility`, T2.`Pre-Op Q EQ5D Index`",UK_CSV0000000000003896__3,UK_CSV0000000000003896__8
"What is the average post-op score for patients in each age band with specific pre-op and post-op conditions, and how does it relate to their clothing and painkiller usage?","What is the average Varicose Vein Post-Op Q Score for patients in each Age Band who have a specific Pre-Op Q EQ5D Index and Post-Op Q Mobility, and how does this relate to their Varicose Vein Pre-Op Q Clothing and Varicose Vein Post-Op Q Painkiller Days?","SELECT T1.`Age Band`, AVG(T1.`Varicose Vein Post-Op Q Score`) AS average_post_op_score, T2.`Post-Op Q Mobility`, T2.`Pre-Op Q EQ5D Index`, T1.`Varicose Vein Pre-Op Q Clothing`, T1.`Varicose Vein Post-Op Q Painkiller Days` FROM `UK_CSV0000000000003896__3` T1 INNER JOIN `UK_CSV0000000000003896__8` T2 ON T1.`Age Band` = T2.`Age Band` GROUP BY T1.`Age Band`, T2.`Post-Op Q Mobility`, T2.`Pre-Op Q EQ5D Index`, T1.`Varicose Vein Pre-Op Q Clothing`, T1.`Varicose Vein Post-Op Q Painkiller Days`",UK_CSV0000000000003896__3,UK_CSV0000000000003896__8
"What is the average post-operative quality score for varicose vein patients in different age groups, along with their mobility after surgery and EQ5D index before surgery, and how does this relate to the number of varicose veins on the left front before surgery and the number of days they took painkillers after surgery?","What is the average Varicose Vein Post-Op Q Score for patients in each Age Band, along with their corresponding Post-Op Q Mobility and Pre-Op Q EQ5D Index, and how does it relate to their Varicose Vein Pre-Op Q Left Front Count and Varicose Vein Post-Op Q Painkiller Days?","SELECT T1.`Age Band`, AVG(T1.`Varicose Vein Post-Op Q Score`) AS average_post_op_score, T2.`Post-Op Q Mobility`, T2.`Pre-Op Q EQ5D Index`, T1.`Varicose Vein Pre-Op Q Left Front Count`, T1.`Varicose Vein Post-Op Q Painkiller Days` FROM `UK_CSV0000000000003896__3` T1 INNER JOIN `UK_CSV0000000000003896__8` T2 ON T1.`Age Band` = T2.`Age Band` GROUP BY T1.`Age Band`, T2.`Post-Op Q Mobility`, T2.`Pre-Op Q EQ5D Index`, T1.`Varicose Vein Pre-Op Q Left Front Count`, T1.`Varicose Vein Post-Op Q Painkiller Days`",UK_CSV0000000000003896__3,UK_CSV0000000000003896__8
What is the average number of people on CPA for each area?,What is the average number of people on CPA for each CCG name?,"SELECT T1.`CCG Name`, AVG(T2.`People on CPA`) AS average_people_on_cpa, T2.`People in contact with services YTD`, T2.`Admissions to hospital` FROM `UK_CSV0000000000005854__10` T1 INNER JOIN `UK_CSV0000000000012396` T2 ON T1.`CCG Name` = T2.`CCG` GROUP BY T1.`CCG Name`, T2.`People in contact with services YTD`, T2.`Admissions to hospital`",UK_CSV0000000000005854__10,UK_CSV0000000000012396
"What is the average number of people on CPA for each CCG name, along with the total number of people in contact with services YTD and admissions to hospital, for those CCGs that have at least one person with a diagnosis recorded?","What is the average number of people on CPA for each CCG name, along with the total number of people in contact with services YTD and admissions to hospital, for those CCGs that have at least one person with a diagnosis recorded?","SELECT T1.`CCG Name`, AVG(T2.`People on CPA`) AS average_people_on_cpa, SUM(T2.`People in contact with services YTD`) AS total_people_in_contact, SUM(T2.`Admissions to hospital`) AS total_admissions_to_hospital FROM `UK_CSV0000000000005854__10` T1 INNER JOIN `UK_CSV0000000000012396` T2 ON T1.`CCG Name` = T2.`CCG` WHERE T2.`People with a diagnosis recorded` > 0 GROUP BY T1.`CCG Name`",UK_CSV0000000000005854__10,UK_CSV0000000000012396
"What is the average number of people on CPA for each CCG name, along with the total number of people in contact with services YTD and admissions to hospital, where the people have a diagnosis recorded and are being treated by Early Intervention Teams?","What is the average number of people on CPA for each CCG name, along with the total number of people in contact with services YTD and admissions to hospital, where the people have a diagnosis recorded and are being treated by Early Intervention Teams?","SELECT T1.`CCG Name`, AVG(T2.`People on CPA`) AS average_people_on_cpa, SUM(T2.`People in contact with services YTD`) AS total_people_in_contact, SUM(T2.`Admissions to hospital`) AS total_admissions_to_hospital FROM `UK_CSV0000000000005854__10` T1 INNER JOIN `UK_CSV0000000000012396` T2 ON T1.`CCG Name` = T2.`CCG` WHERE T2.`People with a diagnosis recorded` > 0 AND T2.`People being treated by Early Intervention Teams` > 0 GROUP BY T1.`CCG Name`",UK_CSV0000000000005854__10,UK_CSV0000000000012396
"What is the average cost of sales for companies with a certain incorporation status, and how does it affect their net profit or loss?","What is the average Upper_Middle_cost_of_Sales_3e_quart_Cout_de_ventes_(frais_direct) from CAN_CSV0000000000001787__12 for businesses with a specific Incorporation_Status__Etat_d'incorporation from CAN_CSV0000000000001797__0, and how does it relate to their Net_Profit/Loss_Benefice/perte_net?","SELECT AVG(C1.`Upper_Middle_cost_of_Sales_3e_quart_Cout_de_ventes_(frais_direct)`) AS average_cost, C2.`Incorporation_Status__Etat_d'incorporation`, C2.`Net_Profit/Loss_Benefice/perte_net` FROM `CAN_CSV0000000000001787__12` C1 JOIN `CAN_CSV0000000000001797__0` C2 ON C1.`Quality_Indicator_Indicateurs_de_qualite_1` = C2.`Quality_Indicator_Indicateurs_de_qualite_4` WHERE C2.`Incorporation_Status__Etat_d'incorporation` IS NOT NULL GROUP BY C2.`Incorporation_Status__Etat_d'incorporation`, C2.`Net_Profit/Loss_Benefice/perte_net`",CAN_CSV0000000000001787__12,CAN_CSV0000000000001797__0
What is the average of a specific expense type for companies with high quality indicators where total expenses are in the top quartile?,"What is the average Upper_Middle_Operating_Expenses_(indirect)_3e_quart_Depenses_d'exploitation_(frais_indirects) from table CAN_CSV0000000000001797__2 for companies with a specific Quality_Indicator_Indicateurs_de_qualite_1 from table CAN_CSV0000000000001787__8, where the Top_Quartile_Total_expenses_Quart_superieur in both tables matches?",SELECT AVG(T1.`Upper_Middle_Operating_Expenses_(indirect)_3e_quart_Depenses_d'exploitation_(frais_indirects)`) FROM `CAN_CSV0000000000001797__2` T1 JOIN `CAN_CSV0000000000001787__8` T2 ON T1.`Top_Quartile_Total_expenses_Quart_superieur` = T2.`Top_Quartile_Total_expenses_Quart_superieur` WHERE T2.`Quality_Indicator_Indicateurs_de_qualite_1` = 'A';,CAN_CSV0000000000001797__2,CAN_CSV0000000000001787__8
What is the average business fees for companies that are incorporated and have a quality indicator of B?,What is the average Upper_Middle_Professional_and_business_fees_3e_quart_Interets_et_frais_bancaires from table CAN_CSV0000000000001787__8 for companies where Incorporation_Status__Etat_d'incorporation is 3 in table CAN_CSV0000000000001797__2 and Quality_Indicator_Indicateurs_de_qualite_7 is 'B' in both tables?,SELECT AVG(T2.`Upper_Middle_Professional_and_business_fees_3e_quart_Interets_et_frais_bancaires`) FROM `CAN_CSV0000000000001797__2` T1 JOIN `CAN_CSV0000000000001787__8` T2 ON T1.`Quality_Indicator_Indicateurs_de_qualite_7` = T2.`Quality_Indicator_Indicateurs_de_qualite_7` WHERE T1.`Incorporation_Status__Etat_d'incorporation` = 3 AND T1.`Quality_Indicator_Indicateurs_de_qualite_7` = 'B';,CAN_CSV0000000000001797__2,CAN_CSV0000000000001787__8
What is the average indirect operating expenses for companies that are incorporated and have high wages and benefits?,"What is the average Upper_Middle_Operating_Expenses_(indirect)_3e_quart_Depenses_d'exploitation_(frais_indirects) for companies with Incorporation_Status__Etat_d'incorporation equal to 2, where the corresponding Top_Quartile_Wages_and_Benefits_Quart_superieur_Salaires_et_avantages_sociaux in the other table is greater than 10?",SELECT AVG(T1.`Upper_Middle_Operating_Expenses_(indirect)_3e_quart_Depenses_d'exploitation_(frais_indirects)`) FROM `CAN_CSV0000000000001797__2` T1 JOIN `CAN_CSV0000000000001787__8` T2 ON T1.`Top_Quartile_Total_expenses_Quart_superieur` = T2.`Top_Quartile_Total_expenses_Quart_superieur` WHERE T1.`Incorporation_Status__Etat_d'incorporation` = 2 AND T2.`Top_Quartile_Wages_and_Benefits_Quart_superieur_Salaires_et_avantages_sociaux` > 10;,CAN_CSV0000000000001797__2,CAN_CSV0000000000001787__8
What is the average indirect operating expenses for companies that are incorporated and have high quality and significant profits?,"What is the average Upper_Middle_Operating_Expenses_(indirect)_3e_quart_Depenses_d'exploitation_(frais_indirects) for companies with Incorporation_Status__Etat_d'incorporation equal to 2 in table CAN_CSV0000000000001797__3, where the corresponding Quality_Indicator_Indicateurs_de_qualite_5 in table CAN_CSV0000000000001797__6 is 'A' and Top_Quartile_Net_Profit/Loss_Quart_superieur_Benefice/perte_net is greater than 100?",SELECT AVG(T1.`Upper_Middle_Operating_Expenses_(indirect)_3e_quart_Depenses_d'exploitation_(frais_indirects)`) FROM `CAN_CSV0000000000001797__3` T1 JOIN `CAN_CSV0000000000001797__6` T2 ON T1.`Incorporation_Status__Etat_d'incorporation` = T2.`Incorporation_Status__Etat_d'incorporation` WHERE T1.`Incorporation_Status__Etat_d'incorporation` = 2 AND T2.`Quality_Indicator_Indicateurs_de_qualite_5` = 'A' AND T2.`Top_Quartile_Net_Profit/Loss_Quart_superieur_Benefice/perte_net` > 100;,CAN_CSV0000000000001797__3,CAN_CSV0000000000001797__6
What is the average business fees for incorporated companies with high quality indicators and large opening inventory?,"What is the average Upper_Middle_Professional_and_business_fees_3e_quart_Interets_et_frais_bancaires for companies with Incorporation_Status__Etat_d'incorporation equal to 1 in table CAN_CSV0000000000001797__3, where the corresponding Quality_Indicator_Indicateurs_de_qualite_7 is 'A' in table CAN_CSV0000000000001797__6 and Top_Quartile_Opening_Inventory_Quart_superieurs_Stocks_d'ouverture is greater than 50?",SELECT AVG(T1.`Upper_Middle_Professional_and_business_fees_3e_quart_Interets_et_frais_bancaires`) FROM `CAN_CSV0000000000001797__3` T1 JOIN `CAN_CSV0000000000001797__6` T2 ON T1.`Incorporation_Status__Etat_d'incorporation` = T2.`Incorporation_Status__Etat_d'incorporation` WHERE T1.`Incorporation_Status__Etat_d'incorporation` = 1 AND T2.`Quality_Indicator_Indicateurs_de_qualite_7` = 'A' AND T2.`Top_Quartile_Opening_Inventory_Quart_superieurs_Stocks_d'ouverture` > 50;,CAN_CSV0000000000001797__3,CAN_CSV0000000000001797__6
"What is the average business fees for companies that are incorporated with a status of 2, have a quality indicator of A, and pay more than 10 in top quartile rent?","What is the average Upper_Middle_Professional_and_business_fees_3e_quart_Interets_et_frais_bancaires for companies with Incorporation_Status__Etat_d'incorporation equal to 2, where the corresponding Quality_Indicator_Indicateurs_de_qualite_4 is 'A' and Top_Quartile_Rent_Quart_superieur_Location is greater than 10?",SELECT AVG(T1.`Upper_Middle_Professional_and_business_fees_3e_quart_Interets_et_frais_bancaires`) FROM `CAN_CSV0000000000001797__3` T1 JOIN `CAN_CSV0000000000001797__6` T2 ON T1.`Incorporation_Status__Etat_d'incorporation` = T2.`Incorporation_Status__Etat_d'incorporation` WHERE T1.`Incorporation_Status__Etat_d'incorporation` = 2 AND T2.`Quality_Indicator_Indicateurs_de_qualite_4` = 'A' AND T2.`Top_Quartile_Rent_Quart_superieur_Location` > 10;,CAN_CSV0000000000001797__3,CAN_CSV0000000000001797__6
"What is the average dew point temperature for ships with an ID over 100 and visibility under 96 kilometers, where the quadrant matches between the two sets of data?","What is the average Dew_Point_Temperature_(C) for ships with Ship_ID greater than 100 and Visibility_(km) less than 96, considering only the records where Quadrant is equal in both tables?",SELECT AVG(T1.`Dew_Point_Temperature_(C)`) FROM `CAN_CSV0000000000027405__5` T1 JOIN `CAN_CSV0000000000027405__5` T2 ON T1.`10_Mardsen_Square` = T2.`10_Mardsen_Square` WHERE T1.`Ship_ID` > 100 AND T1.`Visibility_(km)` < 96 AND T1.`Quadrant` = T2.`Quadrant`;,CAN_CSV0000000000027405__5,CAN_CSV0000000000027405__5
"What is the average wave height for ships with ID greater than 200 and visibility less than 98, where the quadrant matches between the two tables and the day is the same?","What is the average wave height for ships with ID greater than 200 and visibility less than 98, where the quadrant matches between the two tables and the day is the same?",SELECT AVG(T1.`Wave_Height_(m)`) FROM `CAN_CSV0000000000027405__5` T1 JOIN `CAN_CSV0000000000027405__5` T2 ON T1.`10_Mardsen_Square` = T2.`10_Mardsen_Square` AND T1.`Quadrant` = T2.`Quadrant` AND T1.`Day_(DD)` = T2.`Day_(DD)` WHERE T1.`Ship_ID` > 200 AND T1.`Visibility_(km)` < 98;,CAN_CSV0000000000027405__5,CAN_CSV0000000000027405__5
"What is the average wave height for ships with ID greater than 400 and visibility less than 95, where quadrant and 10 mardsen square match and day is either 15 or 16?",What is the average wave height for ships with ID greater than 400 and visibility less than 95?,"SELECT AVG(T1.`Wave_Height_(m)`) FROM `CAN_CSV0000000000027405__5` T1 JOIN `CAN_CSV0000000000027405__5` T2 ON T1.`10_Mardsen_Square` = T2.`10_Mardsen_Square` AND T1.`Quadrant` = T2.`Quadrant` WHERE T1.`Ship_ID` > 400 AND T1.`Visibility_(km)` < 95 AND T1.`Day_(DD)` IN (15, 16);",CAN_CSV0000000000027405__5,CAN_CSV0000000000027405__5
"What are the occurrences where the event type and location are the same in both tables, and what are the corresponding subdivision and country for these occurrences?",Find occurrences with matching type and location in both tables along with subdivision and country names,"SELECT T1.`OCCURRENCETYPEDESCRIPTIONF`, T1.`OCCURRENCELOCATION`, T1.`SUBDIVISION_FNM`, T1.`COUNTRY_FNM` FROM `CAN_CSV0000000000001337__3` T1 JOIN `CAN_CSV0000000000001337__4` T2 ON T1.`OCCURRENCETYPEDESCRIPTIONF` = T2.`OCCURRENCETYPEDESCRIPTIONF` AND T1.`OCCURRENCELOCATION` = T2.`OCCURRENCELOCATION`",CAN_CSV0000000000001337__3,CAN_CSV0000000000001337__4
What type of incidents happened during the day or night at the same location in both datasets?,What are the OCCURRENCETYPEDESCRIPTIONF and corresponding DAYORNIGHT for incidents that occurred at the same OCCURRENCELOCATION in both tables?,"SELECT T1.`OCCURRENCETYPEDESCRIPTIONF`, T1.`DAYORNIGHT`, T2.`DAYORNIGHT` FROM `CAN_CSV0000000000001337__3` T1 JOIN `CAN_CSV0000000000001337__4` T2 ON T1.`OCCURRENCELOCATION` = T2.`OCCURRENCELOCATION` WHERE T1.`OCCURRENCETYPEDESCRIPTIONF` = 'Incident' AND T2.`OCCURRENCETYPEDESCRIPTIONF` = 'Incident'",CAN_CSV0000000000001337__3,CAN_CSV0000000000001337__4
What types of incidents happened in the same location during both daytime and nighttime?,What are the OCCURRENCETYPEDESCRIPTIONF and corresponding WORLDAREANAMEE for incidents that occurred at the same OCCURRENCELOCATION during both day and night?,"SELECT T1.`OCCURRENCETYPEDESCRIPTIONF`, T1.`WORLDAREANAMEE`, T2.`DAYORNIGHT` FROM `CAN_CSV0000000000001337__3` T1 JOIN `CAN_CSV0000000000001337__4` T2 ON T1.`OCCURRENCELOCATION` = T2.`OCCURRENCELOCATION` WHERE T1.`OCCURRENCETYPEDESCRIPTIONF` = T2.`OCCURRENCETYPEDESCRIPTIONF` AND (T1.`DAYORNIGHT` = 'Day' AND T2.`DAYORNIGHT` = 'Night' OR T1.`DAYORNIGHT` = 'Night' AND T2.`DAYORNIGHT` = 'Day')",CAN_CSV0000000000001337__3,CAN_CSV0000000000001337__4
What are the analysis types and values for each product type where the system IDs match and the country of origin is Canada or the US?,What are the Analysis_type_/_Type_d'analyse and corresponding Value_text_/_Valeur_textuelle for each Product_type_/_Type_de_produit from both tables where System_ID_/_ID_systA_me in 'CAN_CSV0000000000024893' matches System_ID_/_ID_systeme in 'CAN_CSV0000000000020982' and Country_of_origin_/_Pays_d'origine is 'Canada Domestic / Nationale' or 'United States / États-Unis Import / Importation'?,"SELECT t1.`Analysis_type_/_Type_d'analyse`, t1.`Value_text_/_Valeur_textuelle`, t2.`Product_type_/_Type_de_produit` FROM `CAN_CSV0000000000024893` t1 LEFT JOIN `CAN_CSV0000000000020982` t2 ON t1.`System_ID_/_ID_systA_me` = t2.`System_ID_/_ID_systeme` WHERE (t1.`Country_of_origin_/_Pays_d'origine` LIKE '%Canada%' OR t1.`Country_of_origin_/_Pays_d'origine` LIKE '%United States%')",CAN_CSV0000000000024893,CAN_CSV0000000000020982
What are the analysis types and corresponding text values for products from Canada or the United States?,What are the analysis types and corresponding values for each product type where the country of origin is either Canada or United States?,"SELECT t1.`Analysis_type_/_Type_d'analyse`, t1.`Value_text_/_Valeur_textuelle`, t2.`Product_type_/_Type_de_produit` FROM `CAN_CSV0000000000024893` t1 LEFT JOIN `CAN_CSV0000000000020982` t2 ON t1.`System_ID_/_ID_systA_me` = t2.`System_ID_/_ID_systeme` WHERE (t1.`Country_of_origin_/_Pays_d'origine` LIKE '%Canada%' OR t1.`Country_of_origin_/_Pays_d'origine` LIKE '%United States%')",CAN_CSV0000000000024893,CAN_CSV0000000000020982
"Get analysis types, values, and product types for Canadian samples","What are the analysis types and corresponding values from table CAN_CSV0000000000024893 for samples where country of origin is Canada, along with product type from table CAN_CSV0000000000020982?","SELECT t1.`Analysis_type_/_Type_d'analyse`, t1.`Value_text_/_Valeur_textuelle`, t2.`Product_type_/_Type_de_produit` FROM `CAN_CSV0000000000024893` t1 LEFT JOIN `CAN_CSV0000000000020982` t2 ON t1.`System_ID_/_ID_systA_me` = t2.`System_ID_/_ID_systeme` WHERE t1.`Country_of_origin_/_Pays_d'origine` LIKE '%Canada%'",CAN_CSV0000000000024893,CAN_CSV0000000000020982
What products have a specific unit of measurement for each geographic location and data guide identifier when their status is not empty?,What are the products and corresponding UOM for each unique combination of GEO and DGUID across both tables where STATUS is not empty?,"SELECT t1.`Products`, t1.`UOM`, t2.`Products`, t2.`UOM` FROM `CAN_CSV0000000000005486` t1 LEFT JOIN `CAN_CSV0000000000005486` t2 ON t1.`GEO` = t2.`GEO` AND t1.`DGUID` = t2.`DGUID` WHERE (t1.`STATUS` != '' OR t2.`STATUS` != '')",CAN_CSV0000000000005486,CAN_CSV0000000000005486
What products have a valid status in the same geographic area and data guide?,What are the products and corresponding UOM for each unique combination of GEO and DGUID where STATUS is not empty in both tables?,"SELECT DISTINCT t1.`Products`, t1.`UOM` FROM `CAN_CSV0000000000005486` t1 INNER JOIN `CAN_CSV0000000000005486` t2 ON t1.`GEO` = t2.`GEO` AND t1.`DGUID` = t2.`DGUID` WHERE t1.`STATUS` != '' AND t2.`STATUS` != ''",CAN_CSV0000000000005486,CAN_CSV0000000000005486
What products have a specific unit of measurement for each geographic location and data guide where the status is not empty?,What are the products and corresponding UOM for each unique combination of GEO and DGUID where STATUS is not empty in both tables?,"SELECT DISTINCT t1.`Products`, t1.`UOM` FROM `CAN_CSV0000000000005486` t1 INNER JOIN `CAN_CSV0000000000005486` t2 ON t1.`GEO` = t2.`GEO` AND t1.`DGUID` = t2.`DGUID` WHERE t1.`STATUS` != '' AND t2.`STATUS` != ''",CAN_CSV0000000000005486,CAN_CSV0000000000005486
Total private households by structural type of dwelling and indigenous identity in each region,What is the total number of private households with a specific structural type of dwelling and the corresponding indigenous identity for each geo region?,"SELECT t1.`GEO`, t1.`Structural_type_of_dwelling_(10)`, SUM(t2.`Indigenous_identity_(9):Total_-_Indigenous_identity[1]`) AS total_indigenous_identity FROM `CAN_CSV0000000000002323` t1 INNER JOIN `CAN_CSV0000000000001286` t2 ON t1.`GEO` = t2.`GEO` AND t1.`DGUID` = t2.`DGUID` GROUP BY t1.`GEO`, t1.`Structural_type_of_dwelling_(10)`",CAN_CSV0000000000002323,CAN_CSV0000000000001286
What is the average number of private households with a specific structural type of dwelling and residence by indigenous geography for each geo region where the total indigenous identity count is greater than 10000?,What is the average number of private households with a specific structural type of dwelling and residence by indigenous geography for each geo region where the total indigenous identity count is greater than 10000?,"SELECT t1.`GEO`, t1.`Structural_type_of_dwelling_(10)`, t2.`Residence_by_Indigenous_geography_(10)`, AVG(t1.`Tenure_(4):Total_-_Tenure[1]`) AS average_private_households FROM `CAN_CSV0000000000002323` t1 INNER JOIN `CAN_CSV0000000000001286` t2 ON t1.`GEO` = t2.`GEO` AND t1.`DGUID` = t2.`DGUID` WHERE t2.`Indigenous_identity_(9):Total_-_Indigenous_identity[1]` > 10000 GROUP BY t1.`GEO`, t1.`Structural_type_of_dwelling_(10)`, t2.`Residence_by_Indigenous_geography_(10)`",CAN_CSV0000000000002323,CAN_CSV0000000000001286
"What is the average number of private households with a specific structural type of dwelling for each geographic location where the total indigenous identity count exceeds 100,000, and what is the corresponding residence by indigenous geography?","What is the average number of private households with a specific structural type of dwelling for each geographic location where the total indigenous identity count exceeds 100,000, and what is the corresponding residence by indigenous geography?","SELECT t1.`GEO`, t1.`Structural_type_of_dwelling_(10)`, t2.`Residence_by_Indigenous_geography_(10)`, AVG(t1.`Tenure_(4):Total_-_Tenure[1]`) AS average_private_households FROM `CAN_CSV0000000000002323` t1 INNER JOIN `CAN_CSV0000000000001286` t2 ON t1.`GEO` = t2.`GEO` AND t1.`DGUID` = t2.`DGUID` WHERE t2.`Indigenous_identity_(9):Total_-_Indigenous_identity[1]` > 100000 GROUP BY t1.`GEO`, t1.`Structural_type_of_dwelling_(10)`, t2.`Residence_by_Indigenous_geography_(10)`",CAN_CSV0000000000002323,CAN_CSV0000000000001286
What response types and total staff hours are associated with incidents in a particular protected heritage area when the incident occurred within a park?,"What are the Response_Type and corresponding Sum_of_Total_Staff_Hours for incidents that occurred within a specific Protected_Heritage_Area, considering only incidents where Within_Park is 'Yes'?","SELECT t1.`Response_Type`, t2.`Sum_of_Total_Staff_Hours` FROM `CAN_CSV0000000000010564` t1 INNER JOIN `CAN_CSV0000000000003410` t2 ON t1.`Incident_Number` = t2.`Incident_Number` WHERE t2.`Within_Park` = 'Yes'",CAN_CSV0000000000010564,CAN_CSV0000000000003410
What heritage areas were investigated and how many staff were involved in each incident?,What are the Protected_Heritage_Area and corresponding Sum_of_Total_Staff_Involved for incidents where Response_Type is 'Investigate Incident'?,"SELECT t1.`Protected_Heritage_Area`, t2.`Sum_of_Total_Staff_Involved` FROM `CAN_CSV0000000000010564` t1 INNER JOIN `CAN_CSV0000000000003410` t2 ON t1.`Incident_Number` = t2.`Incident_Number` WHERE t1.`Response_Type` = 'Investigate Incident'",CAN_CSV0000000000010564,CAN_CSV0000000000003410
What types of responses and total staff hours were involved in incidents inside protected heritage areas within parks?,What are the Response_Type and corresponding Sum_of_Total_Staff_Hours for incidents that occurred within a Protected_Heritage_Area where Within_Park is 'Yes'?,"SELECT t1.`Response_Type`, t2.`Sum_of_Total_Staff_Hours` FROM `CAN_CSV0000000000010564` t1 INNER JOIN `CAN_CSV0000000000003410` t2 ON t1.`Incident_Number` = t2.`Incident_Number` WHERE t2.`Within_Park` = 'Yes' AND t1.`Protected_Heritage_Area` = t2.`Protected_Heritage_Area`",CAN_CSV0000000000010564,CAN_CSV0000000000003410
What are the shelter spending and values for each geography where the statistic is median expenditure per household reporting in both tables?,"What are the Household_spending,_shelter and corresponding VALUE for each GEO where Statistics is 'Median expenditure per household reporting' in both tables?","SELECT t1.`GEO`, t1.`Household_spending,_shelter`, t2.`VALUE` FROM `CAN_CSV0000000000015700` t1 INNER JOIN `CAN_CSV0000000000015700` t2 ON t1.`i""REF_DATE""` = t2.`i""REF_DATE""` WHERE t1.`Statistics` = 'Median expenditure per household reporting' AND t2.`Statistics` = 'Median expenditure per household reporting'",CAN_CSV0000000000015700,CAN_CSV0000000000015700
Locations with property taxes for owned living quarters and percent of households reporting water and sewage for principal accommodation,What are the locations where the household spending on shelter is property taxes for owned living quarters and the corresponding value of percent of households reporting for water and sewage for principal accommodation in the same region?,"SELECT t1.`GEO`, t2.`VALUE` FROM `CAN_CSV0000000000015700` t1 INNER JOIN `CAN_CSV0000000000015700` t2 ON t1.`GEO` = t2.`GEO` WHERE t1.`Household_spending,_shelter` = 'Property taxes for owned living quarters' AND t2.`Household_spending,_shelter` = 'Water and sewage for principal accommodation' AND t2.`Statistics` = 'Percent of households reporting'",CAN_CSV0000000000015700,CAN_CSV0000000000015700
What are the household values with estimated number of households reporting and their shelter spending in Canada?,What are the values of households that have statistics as estimated number of households reporting and their corresponding household spending shelter where geo is Canada?,"SELECT t1.`GEO`, t1.`Household_spending,_shelter`, t2.`VALUE` FROM `CAN_CSV0000000000015700` t1 INNER JOIN `CAN_CSV0000000000015700` t2 ON t1.`i""REF_DATE""` = t2.`i""REF_DATE""` WHERE t1.`GEO` = 'Canada' AND t2.`Statistics` = 'Estimated number of households reporting'",CAN_CSV0000000000015700,CAN_CSV0000000000015700
What are the industry classifications and values for each geographic location and sector where the unit of measurement is dollars in both datasets?,What are the North_American_Industry_Classification_System_(NAICS) and corresponding VALUE for each unique GEO and Sector where the UOM is 'Dollars' in both tables?,"SELECT t1.`GEO`, t1.`Sector`, t1.`North_American_Industry_Classification_System_(NAICS)`, t2.`VALUE` FROM `CAN_CSV0000000000013732` t1 INNER JOIN `CAN_CSV0000000000013732` t2 ON t1.`DGUID` = t2.`DGUID` AND t1.`VECTOR` = t2.`VECTOR` WHERE t1.`UOM` = 'Dollars' AND t2.`UOM` = 'Dollars'",CAN_CSV0000000000013732,CAN_CSV0000000000013732
"What are the industry classifications and values for each unique location, sector, and category where the unit of measurement is dollars and the scale factor is millions?","What are the North_American_Industry_Classification_System_(NAICS) and corresponding VALUE for each unique combination of GEO, Sector, and VECTOR where UOM is 'Dollars' and SCALAR_FACTOR is 'millions' across different reference dates?","SELECT t1.`GEO`, t1.`Sector`, t1.`North_American_Industry_Classification_System_(NAICS)`, t2.`VALUE` FROM `CAN_CSV0000000000013732` t1 INNER JOIN `CAN_CSV0000000000013732` t2 ON t1.`DGUID` = t2.`DGUID` AND t1.`VECTOR` = t2.`VECTOR` WHERE t1.`UOM` = 'Dollars' AND t2.`UOM` = 'Dollars' AND t1.`SCALAR_FACTOR` = 'millions' AND t2.`SCALAR_FACTOR` = 'millions'",CAN_CSV0000000000013732,CAN_CSV0000000000013732
"Get GEO, Sector, and VALUE where UOM_ID is 81 and NAICS matches","What are the GEO and Sector for each row where UOM_ID equals 81 in both tables, along with their corresponding VALUE from the other table where North_American_Industry_Classification_System_(NAICS) matches?","SELECT t1.`GEO`, t1.`Sector`, t2.`VALUE` FROM `CAN_CSV0000000000013732` t1 INNER JOIN `CAN_CSV0000000000013732` t2 ON t1.`DGUID` = t2.`DGUID` AND t1.`North_American_Industry_Classification_System_(NAICS)` = t2.`North_American_Industry_Classification_System_(NAICS)` WHERE t1.`UOM_ID` = 81 AND t2.`UOM_ID` = 81",CAN_CSV0000000000013732,CAN_CSV0000000000013732
"What activities were involved in human wildlife interactions in Canadian national parks, along with incident details?","What types of activities were involved in human wildlife interactions within national parks of Canada, and what were the corresponding incident numbers, dates, and field units for these incidents?","SELECT t1.`Incident_Number`, t1.`Incident_Date`, t1.`Field_Unit`, t2.`Activity_Type` FROM `CAN_CSV0000000000003410` t1 INNER JOIN `CAN_CSV0000000000003463` t2 ON t1.`Incident_Number` = t2.`Incident_Number` WHERE t1.`Incident_Type` = 'Human Wildlife Interaction';",CAN_CSV0000000000003410,CAN_CSV0000000000003463
"What activities happened in the park with more than two staff members, and what were the incident numbers, dates, and field units?","What are the Activity_Type for incidents that occurred within a park and had more than 2 staff members involved, along with their corresponding Incident_Number, Incident_Date, and Field_Unit?","SELECT t1.`Incident_Number`, t1.`Incident_Date`, t1.`Field_Unit`, t2.`Activity_Type` FROM `CAN_CSV0000000000003410` t1 INNER JOIN `CAN_CSV0000000000003463` t2 ON t1.`Incident_Number` = t2.`Incident_Number` WHERE t1.`Within_Park` = 'Yes' AND t1.`Sum_of_Total_Staff_Involved` > 2;",CAN_CSV0000000000003410,CAN_CSV0000000000003463
"What activities happened in the park with multiple staff members, and what were the incident numbers, dates, and field units?","What are the Activity_Type for incidents that occurred within a park and had more than 1 staff member involved, along with their corresponding Incident_Number, Incident_Date, and Field_Unit?","SELECT t1.`Incident_Number`, t1.`Incident_Date`, t1.`Field_Unit`, t2.`Activity_Type` FROM `CAN_CSV0000000000003410` t1 INNER JOIN `CAN_CSV0000000000003463` t2 ON t1.`Incident_Number` = t2.`Incident_Number` WHERE t1.`Within_Park` = 'Yes' AND t1.`Sum_of_Total_Staff_Involved` > 1;",CAN_CSV0000000000003410,CAN_CSV0000000000003463
What are the industry classifications and values for all incorporated businesses in each geographic location?,What are the North_American_Industry_Classification_System_(NAICS) and corresponding VALUE for each GEO where Incorporation_status is 'All businesses' and Sector is 'Incorporated'?,"SELECT t1.`GEO`, t1.`North_American_Industry_Classification_System_(NAICS)`, t2.`VALUE` FROM `CAN_CSV0000000000001024` t1 INNER JOIN `CAN_CSV0000000000007184` t2 ON t1.`GEO` = t2.`GEO` WHERE t1.`Incorporation_status` = 'All businesses' AND t2.`Sector` = 'Incorporated';",CAN_CSV0000000000001024,CAN_CSV0000000000007184
What are the names and inspection dates of day care programs that are accredited?,What are the program names and inspection dates for day care programs with accreditation status Y?,"SELECT t1.`Program_Name`, t2.`Inspection_Date` FROM `CAN_CSV0000000000009365` t1 INNER JOIN `CAN_CSV0000000000009365` t2 ON t1.`Program_ID` = t2.`Program_ID` WHERE t1.`Type_of_program` = 'DAY CARE PROGRAM' AND t2.`Accreditation_Status` = 'Y'",CAN_CSV0000000000009365,CAN_CSV0000000000009365
"What programs have more than 50 capacity and are accredited, and when were they inspected?",What are the program names and inspection dates for programs with a capacity greater than 50 and an accreditation status of Y?,"SELECT t1.`Program_Name`, t2.`Inspection_Date` FROM `CAN_CSV0000000000009365` t1 INNER JOIN `CAN_CSV0000000000009365` t2 ON t1.`Program_ID` = t2.`Program_ID` WHERE t1.`Capacity` > 50 AND t2.`Accreditation_Status` = 'Y'",CAN_CSV0000000000009365,CAN_CSV0000000000009365
What are the names and inspection dates of day care or family day home programs that can serve more than 100 people and have been accredited?,"What are the program names and inspection dates for programs with a capacity greater than 100 and an accreditation status of Y, where the type of program is either DAY CARE PROGRAM or FAMILY DAY HOME?","SELECT t1.`Program_Name`, t2.`Inspection_Date` FROM `CAN_CSV0000000000009365` t1 INNER JOIN `CAN_CSV0000000000009365` t2 ON t1.`Program_ID` = t2.`Program_ID` WHERE (t1.`Type_of_program` = 'DAY CARE PROGRAM' OR t1.`Type_of_program` = 'FAMILY DAY HOME') AND t1.`Capacity` > 100 AND t2.`Accreditation_Status` = 'Y'",CAN_CSV0000000000009365,CAN_CSV0000000000009365
What are the industry classifications and values for each geographic location and financial estimate over time?,What are the North_American_Industry_Classification_System_(NAICS) and corresponding VALUE for each unique combination of GEO and Financial_estimates across different years?,"SELECT t1.`GEO`, t1.`Financial_estimates`, t2.`North_American_Industry_Classification_System_(NAICS)`, t2.`VALUE` FROM `CAN_CSV0000000000005927` t1 INNER JOIN `CAN_CSV0000000000005927` t2 ON t1.`DGUID` = t2.`DGUID` GROUP BY t1.`GEO`, t1.`Financial_estimates`, t2.`North_American_Industry_Classification_System_(NAICS)`, t2.`VALUE`",CAN_CSV0000000000005927,CAN_CSV0000000000005927
"What are the industry classifications and values for each unique location, financial estimate, and unit of measurement?","What are the North American Industry Classification System (NAICS) and corresponding VALUE for each unique combination of GEO, Financial estimates, and UOM ID across both tables?","SELECT t1.`GEO`, t1.`Financial_estimates`, t2.`North_American_Industry_Classification_System_(NAICS)`, t2.`VALUE`, t1.`UOM_ID` FROM `CAN_CSV0000000000005927` t1 INNER JOIN `CAN_CSV0000000000005927` t2 ON t1.`i""REF_DATE""` = t2.`i""REF_DATE""` WHERE t1.`GEO` = 'Canada' GROUP BY t1.`GEO`, t1.`Financial_estimates`, t2.`North_American_Industry_Classification_System_(NAICS)`, t2.`VALUE`, t1.`UOM_ID`",CAN_CSV0000000000005927,CAN_CSV0000000000005927
"What are the industry classifications and values for each unique location, financial estimate, and unit of measurement where the reference date is the same in both tables?","What are the North American Industry Classification System (NAICS) and corresponding VALUE for each unique combination of GEO, Financial estimates, and UOM ID where the REF DATE matches between the two tables?","SELECT t1.`GEO`, t1.`Financial_estimates`, t2.`North_American_Industry_Classification_System_(NAICS)`, t2.`VALUE`, t1.`UOM_ID` FROM `CAN_CSV0000000000005927` t1 INNER JOIN `CAN_CSV0000000000005927` t2 ON t1.`i""REF_DATE""` = t2.`i""REF_DATE""` GROUP BY t1.`GEO`, t1.`Financial_estimates`, t2.`North_American_Industry_Classification_System_(NAICS)`, t2.`VALUE`, t1.`UOM_ID`",CAN_CSV0000000000005927,CAN_CSV0000000000005927
"What programs have the same ID and type in both tables, and what are their names and accreditation statuses?",What are the program names and accreditation statuses for programs with matching IDs and types in both tables?,"SELECT t1.`Program_Name`, t2.`Accreditation_Status` FROM `CAN_CSV0000000000007832` t1 INNER JOIN `CAN_CSV0000000000018581` t2 ON t1.`Program_ID` = t2.`Program_ID` AND t1.`Type_of_Program` = t2.`Type_of_Program`;",CAN_CSV0000000000007832,CAN_CSV0000000000018581
"Find program names and corresponding inspection dates where program ID, type, and accreditation status match in both tables.","What are the program names and inspection dates for programs with matching IDs, types, and accreditation statuses?","SELECT t1.`Program_Name`, t2.`Inspection_Date` FROM `CAN_CSV0000000000007832` t1 INNER JOIN `CAN_CSV0000000000018581` t2 ON t1.`Program_ID` = t2.`Program_ID` AND t1.`Type_of_Program` = t2.`Type_of_Program` AND t1.`Accreditation_Status` = t2.`Accreditation_Status`;",CAN_CSV0000000000007832,CAN_CSV0000000000018581
"What programs have the same type, address, and capacity in both tables and what are their corresponding inspection reasons?","What are the program names and inspection reasons for programs with matching type, address, and capacity?","SELECT t1.`Program_Name`, t2.`Inspection_Reason` FROM `CAN_CSV0000000000007832` t1 INNER JOIN `CAN_CSV0000000000018581` t2 ON t1.`Program_ID` = t2.`Program_ID` AND t1.`Type_of_Program` = t2.`Type_of_Program` AND t1.`Program_Address` = t2.`Program_Address` AND t1.`Capacity` = t2.`Capacity`;",CAN_CSV0000000000007832,CAN_CSV0000000000018581
"What is the average number of days people are disabled for two weeks across different geographic locations, age groups, and sexes?","What is the average value of Two-week disability days for each unique combination of GEO, Age group, and Sex?","SELECT T1.`GEO`, T1.`Age_group`, T1.`Sex`, AVG(T1.`VALUE`) AS average_value FROM `CAN_CSV0000000000027243` T1 INNER JOIN `CAN_CSV0000000000027243` T2 ON T1.`GEO` = T2.`GEO` AND T1.`Age_group` = T2.`Age_group` AND T1.`Sex` = T2.`Sex` GROUP BY T1.`GEO`, T1.`Age_group`, T1.`Sex`",CAN_CSV0000000000027243,CAN_CSV0000000000027243
"What are the average value and unit of measurement for each unique combination of geography, age group, and sex where two-week disability days is total population?","What are the average value and corresponding unit of measurement for each unique combination of geography, age group, and sex where two-week disability days is total population for the variable two-week disability days in both tables?","SELECT T1.`GEO`, T1.`Age_group`, T1.`Sex`, AVG(T1.`VALUE`) AS average_value, T2.`UOM` FROM `CAN_CSV0000000000027243` T1 INNER JOIN `CAN_CSV0000000000027243` T2 ON T1.`GEO` = T2.`GEO` AND T1.`Age_group` = T2.`Age_group` AND T1.`Sex` = T2.`Sex` AND T1.`Two-week_disability_days` = 'Total population for the variable two-week disability days' AND T2.`Two-week_disability_days` = 'Total population for the variable two-week disability days' GROUP BY T1.`GEO`, T1.`Age_group`, T1.`Sex`, T2.`UOM`",CAN_CSV0000000000027243,CAN_CSV0000000000027243
"What are the average values and units for different geographic locations, age groups, and sexes when considering total population and specific characteristics?","What are the average VALUE and corresponding UOM for each unique combination of GEO, Age_group, and Sex where Two-week_disability_days is 'Total population for the variable two-week disability days' and Characteristics is either 'Coefficient of variation for number of persons' or 'Percent'?","SELECT T1.`GEO`, T1.`Age_group`, T1.`Sex`, AVG(T1.`VALUE`) AS average_value, T2.`UOM` FROM `CAN_CSV0000000000027243` T1 INNER JOIN `CAN_CSV0000000000027243` T2 ON T1.`GEO` = T2.`GEO` AND T1.`Age_group` = T2.`Age_group` AND T1.`Sex` = T2.`Sex` WHERE T1.`Two-week_disability_days` = 'Total population for the variable two-week disability days' AND (T1.`Characteristics` = 'Coefficient of variation for number of persons' OR T1.`Characteristics` = 'Percent') GROUP BY T1.`GEO`, T1.`Age_group`, T1.`Sex`, T2.`UOM`",CAN_CSV0000000000027243,CAN_CSV0000000000027243
Compare the number of tax filers by age and marital status who use NETFILE versus Paper filing with no dependents.,"What is the total count of taxfilers for each age range and marital status where the filing method is NETFILE and there are no children declared, compared to those with the same characteristics but using the Paper filing method?","SELECT T1.`CMA_or_CA_Category`, T1.`Marital_Status`, T1.`Age_Range`, T1.`Count_of_Taxfilers` AS NETFILE_Count, T2.`Count_of_Taxfilers` AS Paper_Count FROM `CAN_CSV0000000000011123` T1 INNER JOIN `CAN_CSV0000000000011123` T2 ON T1.`CMA_or_CA_Category` = T2.`CMA_or_CA_Category` AND T1.`Marital_Status` = T2.`Marital_Status` AND T1.`Age_Range` = T2.`Age_Range` AND T1.`Children_or_No_Children` = T2.`Children_or_No_Children` WHERE T1.`Filing_Method` = 'NETFILE' AND T2.`Filing_Method` = 'Paper' AND T1.`Children_or_No_Children` = 'No children declared'",CAN_CSV0000000000011123,CAN_CSV0000000000011123
"What categories and age ranges of people file taxes with both online and paper methods, and how many people are in each group?","What are the CMA_or_CA_Category, Marital_Status, and Age_Range of individuals who have filed their taxes using both NETFILE and Paper methods, and how many tax filers are there in each category?","SELECT T1.`CMA_or_CA_Category`, T1.`Marital_Status`, T1.`Age_Range`, T1.`Count_of_Taxfilers` AS NETFILE_Count, T2.`Count_of_Taxfilers` AS Paper_Count FROM `CAN_CSV0000000000011123` T1 INNER JOIN `CAN_CSV0000000000011123` T2 ON T1.`CMA_or_CA_Category` = T2.`CMA_or_CA_Category` AND T1.`Marital_Status` = T2.`Marital_Status` AND T1.`Age_Range` = T2.`Age_Range` WHERE T1.`Filing_Method` = 'NETFILE' AND T2.`Filing_Method` = 'Paper'",CAN_CSV0000000000011123,CAN_CSV0000000000011123
"What are the categories and counts of tax filers who used both online and paper filing methods, are married or have no children, and are in different age ranges?","What are the CMA_or_CA_Category and corresponding Count_of_Taxfilers for individuals who have filed their taxes using both NETFILE and Paper methods, and have either Marital_Status as 'Married or living common-law' or 'No children declared', across different Age_Range?","SELECT T1.`CMA_or_CA_Category`, T1.`Count_of_Taxfilers` AS NETFILE_Count, T2.`Count_of_Taxfilers` AS Paper_Count FROM `CAN_CSV0000000000011123` T1 INNER JOIN `CAN_CSV0000000000011123` T2 ON T1.`CMA_or_CA_Category` = T2.`CMA_or_CA_Category` AND T1.`Age_Range` = T2.`Age_Range` WHERE T1.`Filing_Method` = 'NETFILE' AND T2.`Filing_Method` = 'Paper' AND (T1.`Marital_Status` = 'Married or living common-law' OR T1.`Children_or_No_Children` = 'No children declared')",CAN_CSV0000000000011123,CAN_CSV0000000000011123
What is the average body mass index for each geographic region where the sex is both and there are long-term health problems related to high blood pressure?,What is the average value of Body mass index (BMI) for each GEO region where Sex is Both sexes and Long-term health problems (self-reported) is With long-term health problem: high blood pressure?,"SELECT AVG(T1.`VALUE`) AS average_value, T1.`GEO` FROM `CAN_CSV0000000000005070` T1 JOIN `CAN_CSV0000000000014315` T2 ON T1.`GEO` = T2.`GEO` AND T1.`Sex` = 'Both sexes' WHERE T2.`Long-term_health_problems_(self-reported)` = 'With long-term health problem: high blood pressure' GROUP BY T1.`GEO`",CAN_CSV0000000000005070,CAN_CSV0000000000014315
Average BMI and percentage of population with high blood pressure in each region,"What is the average body mass index value for both sexes in each geographic region where there are individuals with long-term health problems, specifically high blood pressure, and what percentage of the population has this condition?","SELECT AVG(T1.`VALUE`) AS average_bmi_value, T1.`GEO`, T2.`Statistics` FROM `CAN_CSV0000000000005070` T1 JOIN `CAN_CSV0000000000014315` T2 ON T1.`GEO` = T2.`GEO` AND T1.`Sex` = 'Both sexes' WHERE T2.`Long-term_health_problems_(self-reported)` = 'With long-term health problem: high blood pressure' GROUP BY T1.`GEO`, T2.`Statistics`",CAN_CSV0000000000005070,CAN_CSV0000000000014315
"What is the average award amount for grant programs in Ontario, along with committee names and areas of science?",What is the average award amount for each program where funding type is Grant Program and province is Ontario?,"SELECT AVG(T1.`AwardAmountinFY-MontantSubventiondeAF`) AS average_award, T1.`ProgramIDProgramme`, T2.`NomDuComiteFR`, T2.`AreasOfScienceEN` FROM `CAN_CSV0000000000001465` T1 JOIN `CAN_CSV0000000000001465` T2 ON T1.`Key-Cle` = T2.`Key-Cle` WHERE T1.`FundingTypeEN` = 'Grant Program' AND T1.`ProvinceEN` = 'Ontario' GROUP BY T1.`ProgramIDProgramme`, T2.`NomDuComiteFR`, T2.`AreasOfScienceEN`",CAN_CSV0000000000001465,CAN_CSV0000000000001465
"What is the average award amount for each unique combination of program ID, committee name in French, and areas of science in English where the funding type is a grant program and the province is Ontario?","What is the average award amount for each program, committee name, and area of science where funding type is grant program and province is Ontario?","SELECT AVG(T1.`AwardAmountinFY-MontantSubventiondeAF`) AS average_award, T1.`ProgramIDProgramme`, T2.`NomDuComiteFR`, T2.`AreasOfScienceEN` FROM `CAN_CSV0000000000001465` T1 JOIN `CAN_CSV0000000000001465` T2 ON T1.`Key-Cle` = T2.`Key-Cle` WHERE T1.`FundingTypeEN` = 'Grant Program' AND T1.`ProvinceEN` = 'Ontario' GROUP BY T1.`ProgramIDProgramme`, T2.`NomDuComiteFR`, T2.`AreasOfScienceEN`",CAN_CSV0000000000001465,CAN_CSV0000000000001465
"What are the French program names and areas of science in English for each unique program ID and committee code combination where the funding type is an award program and the province is Ontario, along with the average award amount for these combinations?","What are the NomDuProgrammeFR and corresponding AreasOfScienceEN for each unique combination of ProgramIDProgramme and CodeCommitteeCode where FundingTypeEN is 'Award Program' and ProvinceEN is 'Ontario', along with the average AwardAmountinFY-MontantSubventiondeAF for these combinations?","SELECT AVG(T1.`AwardAmountinFY-MontantSubventiondeAF`) AS average_award, T1.`ProgramIDProgramme`, T2.`NomDuProgrammeFR`, T2.`AreasOfScienceEN` FROM `CAN_CSV0000000000001465` T1 JOIN `CAN_CSV0000000000001465` T2 ON T1.`Key-Cle` = T2.`Key-Cle` WHERE T1.`FundingTypeEN` = 'Award Program' AND T1.`ProvinceEN` = 'Ontario' GROUP BY T1.`ProgramIDProgramme`, T2.`NomDuProgrammeFR`, T2.`AreasOfScienceEN`, T1.`CodeCommitteeCode`",CAN_CSV0000000000001465,CAN_CSV0000000000001465
What locations and updated times are associated with offices that have no commercial flow delays in both datasets?,What are the Location and Updated values for each iCBSA_Office where Commercial_Flow is No delay in both tables?,"SELECT T1.`Location`, T1.`Updated`, T2.`Location`, T2.`Updated` FROM `CAN_CSV0000000000012108` T1 JOIN `CAN_CSV0000000000012108` T2 ON T1.`iCBSA_Office` = T2.`iCBSA_Office` WHERE T1.`Commercial_Flow` = 'No delay' AND T2.`Commercial_Flow` = 'No delay'",CAN_CSV0000000000012108,CAN_CSV0000000000012108
What locations and updated times are there for offices with matching identifiers and no commercial flow delays in either?,What are the Location and Updated values for all offices where both tables have the same iCBSA_Office and at least one of them has a Commercial_Flow value of 'No delay'?,"SELECT T1.`Location`, T1.`Updated`, T2.`Location`, T2.`Updated` FROM `CAN_CSV0000000000012108` T1 JOIN `CAN_CSV0000000000012108` T2 ON T1.`iCBSA_Office` = T2.`iCBSA_Office` WHERE T1.`Commercial_Flow` = 'No delay' OR T2.`Commercial_Flow` = 'No delay'",CAN_CSV0000000000012108,CAN_CSV0000000000012108
What locations and update times are there for offices with matching identifiers and no commercial flow delays in either?,What are the Location and Updated values for all offices where both tables have the same iCBSA_Office and at least one of them has a Commercial_Flow of 'No delay'?,"SELECT T1.`Location`, T1.`Updated`, T2.`Location`, T2.`Updated` FROM `CAN_CSV0000000000012108` T1 JOIN `CAN_CSV0000000000012108` T2 ON T1.`iCBSA_Office` = T2.`iCBSA_Office` WHERE T1.`Commercial_Flow` = 'No delay' OR T2.`Commercial_Flow` = 'No delay'",CAN_CSV0000000000012108,CAN_CSV0000000000012108
What is the total number of immigrants from each country of origin and their corresponding distribution across different age classes for the year 2000?,total number of immigrants from each PROVENIENZA and their corresponding distribution across different CLASSIETA for the year 2000,"SELECT t1.`PROVENIENZA`, t2.`CLASSIETA`, SUM(t1.`IMMIGRATI`) AS total_immigrants, SUM(t2.`IMMIGRATI`) AS immigrants_by_age_class FROM 'Numero di immigrati stranieri a Modena' t1 INNER JOIN 'Numero di immigrati stranieri a Modena per classi di eta' t2 ON t1.`PROVENIENZA` = t2.`PROVENIENZA` AND t1.`ANNO` = 2000 AND t2.`ANNO` = 2000 GROUP BY t1.`PROVENIENZA`, t2.`CLASSIETA`",Numero di immigrati stranieri a Modena,Numero di immigrati stranieri a Modena per classi di eta
"What is the total number of immigrants from each country of citizenship and their distribution across different age classes for the year 2016, considering only the immigrants from the European Union area?","total number of immigrants from each CITTADINANZA and their distribution across different CLASSIETA for the year 2016, considering only the immigrants from Unione Europea area","SELECT t1.`CITTADINANZA`, t2.`CLASSIETA`, SUM(t1.`IMMIGRATI`) AS total_immigrants, SUM(t2.`IMMIGRATI`) AS immigrants_by_age_class FROM 'Numero di immigrati stranieri a Modena' t1 INNER JOIN 'Numero di immigrati stranieri a Modena per classi di eta' t2 ON t1.`ANNO` = t2.`ANNO` AND t1.`SESSO` = t2.`SESSO` AND t1.`PROVENIENZA` = t2.`PROVENIENZA` WHERE t1.`ANNO` = 2016 AND t1.`AREA` = 'Unione Europea' GROUP BY t1.`CITTADINANZA`, t2.`CLASSIETA`",Numero di immigrati stranieri a Modena,Numero di immigrati stranieri a Modena per classi di eta
"What is the total number of male immigrants from other Asian countries in 2009, grouped by citizenship and age class?","total number of immigrants from each CITTADINANZA and their distribution across different CLASSIETA for the year 2009, considering only those with SESSO as 'M' and AREA as 'Altri paesi Asia'","SELECT t1.`CITTADINANZA`, t2.`CLASSIETA`, SUM(t1.`IMMIGRATI`) AS total_immigrants, SUM(t2.`IMMIGRATI`) AS immigrants_by_age_class FROM 'Numero di immigrati stranieri a Modena' t1 INNER JOIN 'Numero di immigrati stranieri a Modena per classi di eta' t2 ON t1.`ANNO` = t2.`ANNO` AND t1.`SESSO` = t2.`SESSO` AND t1.`PROVENIENZA` = t2.`PROVENIENZA` WHERE t1.`ANNO` = 2009 AND t1.`SESSO` = 'M' AND t1.`AREA` = 'Altri paesi Asia' GROUP BY t1.`CITTADINANZA`, t2.`CLASSIETA`",Numero di immigrati stranieri a Modena,Numero di immigrati stranieri a Modena per classi di eta
"What is the total number of residents by citizenship and sex for each year where the population is greater than 20, considering both the historical series of resident population and the resident population in Modena since 1995?",total number of residents by citizenship and sex for each year where the population is greater than 20,"SELECT t1.`ANNO`, t1.`CITTADINANZA`, t1.`SESSO`, SUM(t1.`RESIDENTI`) AS total_residents, SUM(t2.`RESIDENTI`) AS residents_by_year FROM 'Popolazione residente a Modena dal 1995' t1 INNER JOIN 'Serie storiche della popolazione residente' t2 ON t1.`ANNO` = t2.`ANNO` AND t1.`CITTADINANZA` = t2.`CITTADINANZA` WHERE t1.`RESIDENTI` > 20 GROUP BY t1.`ANNO`, t1.`CITTADINANZA`, t1.`SESSO`",Popolazione residente a Modena dal 1995,Serie storiche della popolazione residente
What is the total number of residents by citizenship and sex for each year where the number of residents in 'Popolazione residente a Modena dal 1995' is greater than 20 and the corresponding year exists in 'Serie storiche della popolazione residente'?,total number of residents by citizenship and sex for each year where the number of residents in 'Popolazione residente a Modena dal 1995' is greater than 20 and the corresponding year exists in 'Serie storiche della popolazione residente',"SELECT t1.`ANNO`, t1.`CITTADINANZA`, t1.`SESSO`, SUM(t1.`RESIDENTI`) AS total_residents, SUM(t2.`RESIDENTI`) AS residents_by_year FROM 'Popolazione residente a Modena dal 1995' t1 INNER JOIN 'Serie storiche della popolazione residente' t2 ON t1.`ANNO` = t2.`ANNO` AND t1.`CITTADINANZA` = t2.`CITTADINANZA` WHERE t1.`RESIDENTI` > 20 GROUP BY t1.`ANNO`, t1.`CITTADINANZA`, t1.`SESSO`",Popolazione residente a Modena dal 1995,Serie storiche della popolazione residente
"What is the total number of female residents by year and citizenship in the S.FAUSTINO-MADONNINA neighborhood, considering both historical population data from 'Popolazione residente a Modena dal 1995' and 'Serie storiche della popolazione residente' tables?",total number of residents by year and citizenship for females in S.FAUSTINO-MADONNINA quartiere,"SELECT t1.`ANNO`, t1.`CITTADINANZA`, SUM(t1.`RESIDENTI`) AS total_residents_table1, SUM(t2.`RESIDENTI`) AS total_residents_table2 FROM 'Popolazione residente a Modena dal 1995' t1 INNER JOIN 'Serie storiche della popolazione residente' t2 ON t1.`ANNO` = t2.`ANNO` AND t1.`CITTADINANZA` = t2.`CITTADINANZA` WHERE t1.`QUARTIERE` = 'S.FAUSTINO-MADONNINA' AND t1.`SESSO` = 'FEMMINE' GROUP BY t1.`ANNO`, t1.`CITTADINANZA`",Popolazione residente a Modena dal 1995,Serie storiche della popolazione residente
Average residents per family in each neighborhood with many large families and high population,What is the average number of residents per family in each quartiere where the number of families with 4 or more components is higher than 40 and the total number of residents in the corresponding sezione di censimento is greater than 150?,"SELECT t1.`QUARTIERE`, AVG(t2.`ISCRITTI_2019`) AS average_residents, SUM(t1.`NUMERO_FAMIGLIE`) AS total_families FROM `Famiglie aggregate per numero di componenti la famiglia` t1 INNER JOIN `Residenti nelle singole sezioni di censimento del 2011: dal 2012 al 2021` t2 ON t1.`OBJECTID` = t2.`OBJECTID` WHERE t1.`DIMENSIONE_FAMILIARE` = '4' AND t1.`NUMERO_FAMIGLIE` > 40 AND t2.`ISCRITTI_2019` > 150 GROUP BY t1.`QUARTIERE`",Famiglie aggregate per numero di componenti la famiglia,Residenti nelle singole sezioni di censimento del 2011: dal 2012 al 2021
What are the average number of residents in 2018 and the total number of family members for each zone where the number of families with 3 or more members is greater than 50?,What are the average number of residents in 2018 and the total number of family members for each zone where the number of families with 3 or more members is greater than 50?,"SELECT t1.`ZONA`, AVG(t2.`ISCRITTI_2018`) AS average_residents, SUM(t1.`NUMERO_COMPONENTI`) AS total_family_members FROM `Famiglie aggregate per numero di componenti la famiglia` t1 INNER JOIN `Residenti nelle singole sezioni di censimento del 2011: dal 2012 al 2021` t2 ON t1.`OBJECTID` = t2.`OBJECTID` WHERE t1.`DIMENSIONE_FAMILIARE` >= '3' AND t1.`NUMERO_FAMIGLIE` > 50 GROUP BY t1.`ZONA`",Famiglie aggregate per numero di componenti la famiglia,Residenti nelle singole sezioni di censimento del 2011: dal 2012 al 2021
"What is the average number of residents in each zone where the number of families with 3 or more members is greater than 50, and what is the total number of family components in those zones?","What is the average number of residents in each zone where the number of families with 3 or more members is greater than 50, and what is the total number of family components in those zones?","SELECT t1.`ZONA`, AVG(t2.`ISCRITTI_2020`) AS average_residents, SUM(t1.`NUMERO_COMPONENTI`) AS total_family_components FROM `Famiglie aggregate per numero di componenti la famiglia` t1 INNER JOIN `Residenti nelle singole sezioni di censimento del 2011: dal 2012 al 2021` t2 ON t1.`OBJECTID` = t2.`OBJECTID` WHERE t1.`DIMENSIONE_FAMILIARE` >= '3' AND t1.`NUMERO_FAMIGLIE` > 50 GROUP BY t1.`ZONA`",Famiglie aggregate per numero di componenti la famiglia,Residenti nelle singole sezioni di censimento del 2011: dal 2012 al 2021
What are the average sizes of voting districts and where are they located?,What are the average areas of the electoral sections and their corresponding polling station addresses?,"SELECT AVG(t2.`AREA`) AS average_area, t1.`INDIRIZZO_PLESSO` AS polling_station_address FROM 'Indirizzario delle sezioni elettorali' t1 INNER JOIN 'Sezioni elettorali' t2 ON t1.`SEZIONE_ELETTORALE` = t2.`SEZ_ELETT` GROUP BY t1.`INDIRIZZO_PLESSO`",Indirizzario delle sezioni elettorali,Sezioni elettorali
"What is the average area of the electoral sections that correspond to each polling station address in the 'Indirizzario delle sezioni elettorali' table, and what are the respective areas for each section?",What is the average area of electoral sections for each polling station address?,"SELECT AVG(t2.`AREA`) AS average_area, t1.`INDIRIZZO_PLESSO` AS polling_station_address, t2.`SEZ_ELETT` FROM 'Indirizzario delle sezioni elettorali' t1 INNER JOIN 'Sezioni elettorali' t2 ON t1.`SEZIONE_ELETTORALE` = t2.`SEZ_ELETT` GROUP BY t1.`INDIRIZZO_PLESSO`, t2.`SEZ_ELETT`",Indirizzario delle sezioni elettorali,Sezioni elettorali
What are the addresses of the polling stations and their corresponding electoral section areas for each unique electoral section?,What are the polling station addresses and their corresponding electoral section areas for each unique SEZIONE_ELETTORALE?,"SELECT t1.`INDIRIZZO_PLESSO`, t2.`AREA`, t1.`SEZIONE_ELETTORALE` FROM 'Indirizzario delle sezioni elettorali' t1 INNER JOIN 'Sezioni elettorali' t2 ON t1.`SEZIONE_ELETTORALE` = t2.`SEZ_ELETT` GROUP BY t1.`INDIRIZZO_PLESSO`, t2.`AREA`, t1.`SEZIONE_ELETTORALE`",Indirizzario delle sezioni elettorali,Sezioni elettorali
